"x1, y1, x2, y2, box_w, box_h, bibId"
"206.33311, 617.4787, 348.01688, 1053.277, 435.79828, 141.68376, 0"
"337.12216, 557.0757, 568.082, 1188.315, 631.23926, 230.95981, 0"
"768.9845, 407.19217, 1085.3528, 1221.2278, 814.03564, 316.3683, 0"
"657.54724, 428.36465, 870.1276, 1173.4912, 745.1266, 212.58038, 0"
"51.85604, 634.4999, 158.50276, 1041.0676, 406.56775, 106.64672, 0"
"-0.48369578, 606.8182, 36.11122, 1034.3949, 427.57672, 36.594917, 0"
